<component name="reference">
    <property name="IMAGEFILE">
      [/home/jovyan/work/data/Baja/20100328/ASA_IM__0CNPDE20100328_175004_000000162088_00084_42222_9504.N1,
      /home/jovyan/work/data/Baja/20100328/ASA_IM__0CNPDE20100328_175019_000000162088_00084_42222_9504.N1]
        <!-- image files -->
    </property>
    <property name="INSTRUMENT_DIRECTORY">
        /home/jovyan/testing/Baja
    </property>
    <property name="ORBIT_DIRECTORY">
        /home/jovyan/testing/Baja
    </property>
    <property name="OUTPUT">
        reference
    </property>
<!--    <property name="reference doppler method">
      useDOPIQ
    </property>
  -->
</component>

<!--
Shown above is the bare minimum input XML file for the EnviSAT sensor.
The reference and secondary catalog xml files have the same structure.

The Envisat_SLC sensor has the same inputs,
except that it starts with an ASA_IMS_1 SLC image.

If you have a directory of the Envisat Instrument files,
you can specify the directory and ISCE will find the right file:
    <property name="INSTRUMENT_DIRECTORY">
        .../data/Envisat/INS
    </property>

If you have a directory of the Envisat orbit files,
you can specify the directory and ISCE will find the right file:
    <property name="ORBIT_DIRECTORY">
        .../data/Envisat/vor
    </property>

-->
