<?xml version="1.0" encoding="UTF-8"?>
<insarApp>
  <component name="insar">
    <property name="sensor name">EnviSAT</property>
    <component name="reference">
        <catalog>reference_EnviSAT.xml</catalog>
    </component>
    <component name="secondary">
        <catalog>secondary_EnviSAT.xml</catalog>
    </component>
<!--    <property name="demFilename">
        <value>/Users/fattahi/process/test_roiApp/Alos_Maule_T116/demLat_S39_S35_Lon_W074_W071.dem.wgs84</value>
    </property>
  -->
    <!--
      <property name="do rubbersheetingAzimuth">True</property>
      <property name="do rubbersheetingRange">False</property>
    -->
    <property name="do denseoffsets">True</property>
    <property name="do split spectrum">False</property>
    <property name="unwrapper name">snaphu</property>
    <property name="do dispersive">False</property>
    <property name="dispersive filter kernel x-size">800</property>
    <property name="dispersive filter kernel y-size">800</property>
    <property name="dispersive filter kernel sigma_x">100</property>
    <property name="dispersive filter kernel sigma_y">100</property>
    <property name="dispersive filter kernel rotation">0</property>
    <property name="dispersive filter number of iterations">5</property>
    <property name="dispersive filter mask type">connected_components</property>
    <property name="dispersive filter coherence threshold">0.6</property>

  </component>
</insarApp>
